phone,restaurant,rating
Android,A,4
Android,A,4
Android,A,4
Android,A,4
Android,A,4
Android,A,4
Android,A,4
Android,A,4
Android,A,4
Android,A,4
Android,A,4
Android,A,4
Android,A,4
Android,A,4
Android,A,4
Android,A,4
Android,A,4
Android,A,4
Android,A,4
Android,A,4
Android,A,4
Android,A,4
Android,A,4
Android,A,4
Android,A,4
Android,A,4
Android,A,4
Android,A,4
Android,A,4
Android,A,4
Android,A,4
Android,A,4
Android,A,4
Android,A,4
Android,A,4
Android,A,4
Android,A,4
Android,A,4
Android,A,4
Android,A,4
Android,A,4
Android,A,4
Android,A,4
Android,A,4
Android,A,4
Android,A,4
Android,A,4
Android,A,4
Android,A,4
Android,A,4
Android,A,4
Android,A,4
Android,A,4
Android,A,4
Android,A,4
Android,A,4
Android,A,4
Android,A,4
Android,A,4
Android,A,4
Android,A,4
Android,A,4
Android,A,4
Android,A,4
Android,A,4
Android,A,4
Android,A,4
Android,A,4
Android,A,4
Android,A,4
Android,A,4
Android,A,4
Android,A,4
Android,A,4
Android,A,4
Android,A,4
Android,A,4
Android,A,4
Android,A,4
Android,A,4
Android,A,4
Android,A,4
Android,A,4
Android,A,4
Android,A,4
Android,A,4
Android,A,4
Android,A,4
Android,A,4
Android,A,4
Android,A,4
Android,A,4
Android,A,4
Android,A,4
Android,A,4
Android,A,4
Android,A,4
Android,A,4
Android,A,4
Android,A,4
Android,A,4
Android,A,4
Android,A,4
Android,A,4
Android,A,4
Android,A,4
Android,A,4
Android,A,4
Android,A,4
Android,A,4
Android,A,4
Android,A,4
Android,A,4
Android,A,4
Android,A,4
Android,A,4
Android,A,4
Android,A,4
Android,A,4
Android,A,4
Android,A,4
Android,A,4
Android,A,4
Android,A,4
Android,A,4
Android,A,4
Android,A,4
Android,A,4
Android,A,4
Android,A,4
Android,A,4
Android,A,4
Android,A,4
Android,A,4
Android,A,4
Android,A,4
Android,A,4
Android,A,4
Android,A,4
Android,A,4
Android,A,4
Android,A,4
Android,A,4
Android,A,4
Android,A,4
Android,A,4
Android,A,4
Android,A,4
Android,A,4
Android,A,4
Android,A,4
Android,A,4
Android,A,4
Android,A,4
Android,A,4
Android,A,4
Android,A,4
Android,A,4
Android,A,4
Android,A,4
Android,A,4
Android,A,4
Android,A,4
Android,A,4
Android,A,4
Android,A,4
Android,A,4
Android,A,4
Android,A,4
Android,A,4
Android,A,4
Android,A,4
Android,A,4
Android,A,4
Android,A,4
Android,A,4
Android,A,4
Android,A,4
Android,A,4
Android,A,4
Android,A,4
Android,A,4
Android,A,4
Android,A,4
Android,A,4
Android,A,4
Android,A,4
Android,A,4
Android,A,4
Android,A,4
Android,A,4
Android,A,4
Android,A,4
Android,A,4
Android,A,4
Android,A,4
Android,A,4
Android,A,4
Android,A,4
Android,A,4
Android,A,4
Android,A,4
Android,A,4
Android,A,4
Android,A,4
Android,A,4
Android,A,4
Android,A,4
Android,A,4
Android,A,4
Android,A,4
Android,A,4
Android,A,4
Android,A,4
Android,A,4
Android,A,4
Android,A,4
Android,A,4
Android,A,4
Android,A,4
Android,A,4
Android,A,4
Android,A,4
Android,A,4
Android,A,4
Android,A,4
Android,A,4
Android,A,4
Android,A,4
Android,A,4
Android,A,4
Android,A,4
Android,A,4
Android,A,4
Android,A,4
Android,A,4
Android,A,4
Android,A,4
Android,A,4
Android,A,4
Android,A,4
Android,A,4
Android,A,4
Android,A,4
Android,A,4
Android,A,4
Android,A,4
Android,A,4
Android,A,4
Android,A,4
Android,A,4
Android,A,4
Android,A,4
Android,A,4
Android,A,4
Android,A,4
Android,A,4
Android,A,4
Android,A,4
Android,A,4
Android,A,4
Android,A,4
Android,A,4
Android,A,4
Android,A,4
Android,A,4
Android,A,4
Android,A,4
Android,A,4
Android,A,4
Android,A,4
Android,A,4
Android,A,4
Android,A,4
Android,A,4
Android,A,4
Android,A,4
Android,A,4
Android,A,4
Android,A,4
Android,A,4
Android,A,4
Android,A,4
Android,A,4
Android,A,4
Android,A,4
Android,A,4
Android,A,4
Android,A,4
Android,A,4
Android,A,4
Android,A,4
Android,A,4
Android,A,4
Android,A,4
Android,A,4
Android,A,4
Android,A,4
Android,A,4
Android,A,4
Android,A,4
Android,A,4
Android,A,4
Android,A,4
Android,A,4
Android,A,4
Android,A,4
Android,A,4
Android,A,4
Android,A,4
Android,A,4
Android,A,4
Android,A,4
Android,A,4
Android,A,4
Android,A,4
Android,A,4
Android,A,4
Android,A,4
Android,A,4
Android,A,4
Android,A,4
Android,A,4
Android,A,4
Android,A,4
Android,A,4
Android,A,4
Android,A,4
Android,A,4
Android,A,4
Android,A,4
Android,A,4
Android,A,4
Android,A,4
Android,A,4
Android,A,4
Android,A,4
Android,A,4
Android,A,4
Android,A,4
Android,A,4
Android,A,4
Android,A,4
Android,A,4
Android,A,4
Android,A,4
Android,A,4
Android,A,4
Android,A,4
Android,A,4
Android,A,4
Android,A,4
Android,A,4
Android,A,4
Android,A,4
Android,A,4
Android,A,4
Android,A,4
Android,A,4
Android,A,4
Android,A,4
Android,A,4
Android,A,4
Android,A,4
Android,A,4
Android,A,4
Android,A,4
Android,A,4
Android,A,4
Android,A,4
Android,A,4
Android,A,4
Android,A,4
Android,A,4
Android,A,4
Android,A,4
Android,A,4
Android,A,4
Android,A,4
Android,A,4
Android,A,4
Android,A,4
Android,A,4
Android,A,4
Android,A,4
Android,A,4
Android,A,4
Android,A,4
Android,A,4
Android,A,4
Android,A,4
Android,A,4
Android,A,4
Android,A,4
Android,A,4
Android,A,4
Android,A,4
Android,A,4
Android,A,4
Android,A,4
Android,A,4
Android,A,4
Android,A,4
Android,A,4
Android,A,4
Android,A,4
Android,A,4
Android,A,4
Android,A,4
Android,A,4
Android,A,4
Android,A,4
Android,A,4
Android,A,4
Android,A,4
Android,A,4
Android,A,4
Android,A,4
Android,A,4
Android,A,4
Android,A,4
Android,A,4
Android,A,4
Android,A,4
Android,A,4
Android,A,4
Android,A,4
Android,A,4
Android,A,4
Android,A,4
Android,A,4
Android,A,4
Android,A,4
Android,A,4
Android,A,4
Android,A,4
Android,A,4
Android,A,4
Android,A,4
Android,A,4
Android,A,4
Android,A,4
Android,A,4
Android,A,4
Android,A,4
Android,A,4
Android,A,4
Android,A,4
Android,A,4
Android,A,4
Android,A,4
Android,A,4
Android,A,4
Android,A,4
Android,A,4
Android,A,4
Android,A,4
Android,A,4
Android,A,4
Android,A,4
Android,A,4
Android,A,4
Android,A,4
Android,A,4
Android,A,4
Android,A,4
Android,A,4
Android,A,4
Android,A,4
Android,A,4
Android,A,4
Android,A,4
Android,A,4
Android,A,4
Android,A,4
Android,A,4
Android,A,4
Android,A,4
Android,A,4
Android,A,4
Android,A,4
Android,A,4
Android,A,4
Android,A,4
Android,A,4
Android,A,4
Android,A,4
Android,A,4
Android,A,4
Android,A,4
Android,A,4
Android,A,4
Android,A,4
Android,A,4
Android,A,4
Android,A,4
Android,A,4
Android,A,4
Android,A,4
Android,A,4
Android,A,4
Android,A,4
Android,A,4
Android,A,4
Android,A,4
Android,A,4
Android,A,4
Android,A,4
Android,A,4
Android,A,4
Android,A,4
Android,A,4
Android,A,4
Android,A,4
Android,A,4
Android,A,4
Android,A,4
Android,A,4
Android,A,4
Android,A,4
Android,A,4
Android,A,4
Android,A,4
Android,A,4
Android,A,4
Android,A,4
Android,A,4
Android,A,4
Android,A,4
Android,A,4
Android,A,4
Android,A,4
Android,A,4
Android,A,4
Android,A,4
Android,A,4
Android,A,4
Android,A,4
Android,A,4
Android,A,4
Android,A,4
Android,A,4
Android,A,4
Android,A,4
Android,A,4
Android,A,4
Android,A,4
Android,A,4
Android,A,4
Android,A,4
Android,A,4
Android,A,4
Android,A,4
Android,A,4
Android,A,4
Android,A,4
Android,A,4
Android,A,4
Android,A,4
Android,A,4
Android,A,4
Android,A,4
Android,A,4
Android,A,4
Android,A,4
Android,A,4
Android,A,4
Android,A,4
Android,A,4
Android,A,4
Android,A,4
Android,A,4
Android,A,4
Android,A,4
Android,A,4
Android,A,4
Android,A,4
Android,A,4
Android,A,4
Android,A,4
Android,A,4
Android,A,4
Android,A,4
Android,A,4
Android,A,4
Android,A,4
Android,A,4
Android,A,4
Android,A,4
Android,A,4
Android,A,4
Android,A,4
Android,A,4
Android,A,4
Android,A,4
Android,A,4
Android,A,4
Android,A,4
Android,A,4
Android,A,4
Android,A,5
Android,A,5
Android,A,5
Android,A,5
Android,A,5
Android,A,5
Android,A,5
Android,A,5
Android,A,5
Android,A,5
Android,A,5
Android,A,5
Android,A,5
Android,A,5
Android,A,5
Android,A,5
Android,A,5
Android,A,5
Android,A,5
Android,A,5
Android,A,5
Android,A,5
Android,A,5
Android,A,5
Android,A,5
Android,A,5
Android,A,5
Android,A,5
Android,A,5
Android,A,5
Android,A,5
Android,A,5
Android,A,5
Android,A,5
Android,A,5
Android,A,5
Android,A,5
Android,A,5
Android,A,5
Android,A,5
Android,A,5
Android,A,5
Android,A,5
Android,A,5
Android,A,5
Android,A,5
Android,A,5
Android,A,5
Android,A,5
Android,A,5
Android,A,5
Android,A,5
Android,A,5
Android,A,5
Android,A,5
Android,A,5
Android,A,5
Android,A,5
Android,A,5
Android,A,5
Android,A,5
Android,A,5
Android,A,5
Android,A,5
Android,A,5
Android,A,5
Android,A,5
Android,A,5
Android,A,5
Android,A,5
Android,A,5
Android,A,5
Android,A,5
Android,A,5
Android,A,5
Android,A,5
Android,A,5
Android,A,5
Android,A,5
Android,A,5
Android,A,5
Android,A,5
Android,A,5
Android,A,5
Android,A,5
Android,A,5
Android,A,5
Android,A,5
Android,A,5
Android,A,5
Android,A,5
Android,A,5
Android,A,5
Android,A,5
Android,A,5
Android,A,5
Android,A,5
Android,A,5
Android,A,5
Android,A,5
Android,A,5
Android,A,5
Android,A,5
Android,A,5
Android,A,5
Android,A,5
Android,A,5
Android,A,5
Android,A,5
Android,A,5
Android,A,5
Android,A,5
Android,A,5
Android,A,5
Android,A,5
Android,A,5
Android,A,5
Android,A,5
Android,A,5
Android,A,5
Android,A,5
Android,A,5
Android,A,5
Android,A,5
Android,A,5
Android,A,5
Android,A,5
Android,A,5
Android,A,5
Android,A,5
Android,A,5
Android,A,5
Android,A,5
Android,A,5
Android,A,5
Android,A,5
Android,A,5
Android,A,5
Android,A,5
Android,A,5
Android,A,5
Android,A,5
Android,A,5
Android,A,5
Android,A,5
Android,A,5
Android,A,5
Android,A,5
Android,A,5
Android,A,5
Android,A,5
Android,A,5
Android,A,5
Android,A,5
Android,A,5
Android,A,5
Android,A,5
Android,A,5
Android,A,5
Android,A,5
Android,A,5
Android,A,5
Android,A,5
Android,A,5
Android,A,5
Android,A,5
Android,A,5
Android,A,5
Android,A,5
Android,A,5
Android,A,5
Android,A,5
Android,A,5
Android,A,5
Android,A,5
Android,A,5
Android,A,5
Android,A,5
Android,A,5
Android,A,5
Android,A,5
Android,A,5
Android,A,5
Android,A,5
Android,A,5
Android,B,4
Android,B,4
Android,B,4
Android,B,4
Android,B,4
Android,B,4
Android,B,4
Android,B,4
Android,B,4
Android,B,4
Android,B,4
Android,B,4
Android,B,4
Android,B,4
Android,B,4
Android,B,4
Android,B,4
Android,B,4
Android,B,4
Android,B,4
Android,B,4
Android,B,4
Android,B,4
Android,B,4
Android,B,4
Android,B,4
Android,B,4
Android,B,4
Android,B,4
Android,B,4
Android,B,4
Android,B,4
Android,B,4
Android,B,4
Android,B,4
Android,B,4
Android,B,4
Android,B,4
Android,B,4
Android,B,4
Android,B,4
Android,B,4
Android,B,4
Android,B,4
Android,B,4
Android,B,4
Android,B,4
Android,B,4
Android,B,4
Android,B,4
Android,B,4
Android,B,4
Android,B,4
Android,B,4
Android,B,4
Android,B,4
Android,B,4
Android,B,4
Android,B,4
Android,B,4
Android,B,4
Android,B,4
Android,B,4
Android,B,4
Android,B,4
Android,B,4
Android,B,4
Android,B,4
Android,B,4
Android,B,4
Android,B,4
Android,B,4
Android,B,4
Android,B,4
Android,B,4
Android,B,4
Android,B,4
Android,B,4
Android,B,4
Android,B,4
Android,B,4
Android,B,4
Android,B,4
Android,B,4
Android,B,4
Android,B,4
Android,B,4
Android,B,4
Android,B,4
Android,B,4
Android,B,4
Android,B,4
Android,B,4
Android,B,4
Android,B,4
Android,B,4
Android,B,4
Android,B,4
Android,B,4
Android,B,4
Android,B,4
Android,B,4
Android,B,4
Android,B,4
Android,B,4
Android,B,4
Android,B,4
Android,B,4
Android,B,4
Android,B,4
Android,B,4
Android,B,4
Android,B,4
Android,B,4
Android,B,4
Android,B,4
Android,B,4
Android,B,4
Android,B,4
Android,B,4
Android,B,4
Android,B,4
Android,B,4
Android,B,4
Android,B,4
Android,B,4
Android,B,4
Android,B,4
Android,B,4
Android,B,4
Android,B,4
Android,B,4
Android,B,4
Android,B,4
Android,B,4
Android,B,4
Android,B,4
Android,B,4
Android,B,4
Android,B,4
Android,B,4
Android,B,4
Android,B,4
Android,B,4
Android,B,4
Android,B,4
Android,B,4
Android,B,4
Android,B,4
Android,B,4
Android,B,4
Android,B,4
Android,B,4
Android,B,4
Android,B,4
Android,B,4
Android,B,4
Android,B,4
Android,B,4
Android,B,4
Android,B,4
Android,B,4
Android,B,4
Android,B,4
Android,B,4
Android,B,4
Android,B,4
Android,B,4
Android,B,4
Android,B,4
Android,B,4
Android,B,4
Android,B,4
Android,B,4
Android,B,4
Android,B,4
Android,B,4
Android,B,4
Android,B,4
Android,B,4
Android,B,4
Android,B,4
Android,B,4
Android,B,4
Android,B,4
Android,B,4
Android,B,4
Android,B,4
Android,B,4
Android,B,4
Android,B,4
Android,B,4
Android,B,4
Android,B,4
Android,B,4
Android,B,4
Android,B,4
Android,B,4
Android,B,4
Android,B,4
Android,B,4
Android,B,4
Android,B,4
Android,B,4
Android,B,4
Android,B,4
Android,B,4
Android,B,4
Android,B,4
Android,B,4
Android,B,4
Android,B,4
Android,B,4
Android,B,4
Android,B,4
Android,B,4
Android,B,4
Android,B,4
Android,B,4
Android,B,4
Android,B,4
Android,B,4
Android,B,4
Android,B,4
Android,B,4
Android,B,4
Android,B,4
Android,B,4
Android,B,4
Android,B,4
Android,B,4
Android,B,4
Android,B,4
Android,B,4
Android,B,4
Android,B,4
Android,B,4
Android,B,4
Android,B,4
Android,B,4
Android,B,4
Android,B,4
Android,B,4
Android,B,4
Android,B,4
Android,B,4
Android,B,4
Android,B,4
Android,B,4
Android,B,4
Android,B,4
Android,B,4
Android,B,4
Android,B,4
Android,B,4
Android,B,4
Android,B,4
Android,B,4
Android,B,4
Android,B,4
Android,B,4
Android,B,4
Android,B,4
Android,B,4
Android,B,4
Android,B,4
Android,B,4
Android,B,4
Android,B,4
Android,B,4
Android,B,4
Android,B,4
Android,B,4
Android,B,4
Android,B,4
Android,B,4
Android,B,4
Android,B,4
Android,B,4
Android,B,4
Android,B,4
Android,B,4
Android,B,4
Android,B,4
Android,B,4
Android,B,4
Android,B,4
Android,B,4
Android,B,4
Android,B,4
Android,B,4
Android,B,4
Android,B,4
Android,B,4
Android,B,4
Android,B,4
Android,B,4
Android,B,4
Android,B,4
Android,B,4
Android,B,4
Android,B,4
Android,B,4
Android,B,4
Android,B,4
Android,B,4
Android,B,4
Android,B,4
Android,B,4
Android,B,4
Android,B,4
Android,B,4
Android,B,4
Android,B,4
Android,B,4
Android,B,4
Android,B,4
Android,B,4
Android,B,4
Android,B,4
Android,B,4
Android,B,4
Android,B,4
Android,B,4
Android,B,4
Android,B,4
Android,B,4
Android,B,4
Android,B,4
Android,B,4
Android,B,4
Android,B,4
Android,B,4
Android,B,4
Android,B,4
Android,B,4
Android,B,4
Android,B,4
Android,B,4
Android,B,4
Android,B,4
Android,B,4
Android,B,4
Android,B,4
Android,B,4
Android,B,4
Android,B,4
Android,B,4
Android,B,4
Android,B,4
Android,B,4
Android,B,4
Android,B,4
Android,B,4
Android,B,4
Android,B,4
Android,B,4
Android,B,4
Android,B,4
Android,B,4
Android,B,4
Android,B,4
Android,B,4
Android,B,4
Android,B,4
Android,B,4
Android,B,4
Android,B,4
Android,B,4
Android,B,4
Android,B,4
Android,B,4
Android,B,4
Android,B,4
Android,B,4
Android,B,4
Android,B,4
Android,B,4
Android,B,4
Android,B,4
Android,B,4
Android,B,4
Android,B,4
Android,B,4
Android,B,4
Android,B,4
Android,B,4
Android,B,4
Android,B,4
Android,B,4
Android,B,4
Android,B,4
Android,B,4
Android,B,4
Android,B,4
Android,B,4
Android,B,4
Android,B,4
Android,B,4
Android,B,4
Android,B,4
Android,B,4
Android,B,4
Android,B,4
Android,B,4
Android,B,4
Android,B,4
Android,B,4
Android,B,4
Android,B,4
Android,B,4
Android,B,4
Android,B,4
Android,B,4
Android,B,4
Android,B,4
Android,B,4
Android,B,4
Android,B,4
Android,B,4
Android,B,4
Android,B,4
Android,B,4
Android,B,4
Android,B,4
Android,B,4
Android,B,4
Android,B,4
Android,B,4
Android,B,4
Android,B,4
Android,B,4
Android,B,4
Android,B,4
Android,B,4
Android,B,4
Android,B,4
Android,B,4
Android,B,4
Android,B,4
Android,B,4
Android,B,4
Android,B,4
Android,B,4
Android,B,4
Android,B,4
Android,B,4
Android,B,4
Android,B,4
Android,B,4
Android,B,4
Android,B,4
Android,B,4
Android,B,4
Android,B,4
Android,B,4
Android,B,4
Android,B,4
Android,B,4
Android,B,4
Android,B,4
Android,B,4
Android,B,4
Android,B,4
Android,B,4
Android,B,4
Android,B,4
Android,B,4
Android,B,4
Android,B,4
Android,B,4
Android,B,4
Android,B,4
Android,B,4
Android,B,4
Android,B,4
Android,B,4
Android,B,4
Android,B,4
Android,B,4
Android,B,4
Android,B,4
Android,B,4
Android,B,4
Android,B,4
Android,B,4
Android,B,4
Android,B,4
Android,B,4
Android,B,4
Android,B,4
Android,B,4
Android,B,4
Android,B,4
Android,B,4
Android,B,4
Android,B,4
Android,B,4
Android,B,4
Android,B,4
Android,B,4
Android,B,4
Android,B,4
Android,B,4
Android,B,4
Android,B,4
Android,B,4
Android,B,4
Android,B,4
Android,B,4
Android,B,4
Android,B,4
Android,B,4
Android,B,4
Android,B,4
Android,B,4
Android,B,4
Android,B,4
Android,B,4
Android,B,4
Android,B,4
Android,B,4
Android,B,4
Android,B,4
Android,B,4
Android,B,4
Android,B,4
Android,B,4
Android,B,4
Android,B,4
Android,B,4
Android,B,4
Android,B,4
Android,B,4
Android,B,4
Android,B,4
Android,B,4
Android,B,4
Android,B,4
Android,B,4
Android,B,4
Android,B,4
Android,B,4
Android,B,4
Android,B,4
Android,B,4
Android,B,4
Android,B,4
Android,B,4
Android,B,4
Android,B,4
Android,B,4
Android,B,4
Android,B,4
Android,B,4
Android,B,4
Android,B,4
Android,B,4
Android,B,4
Android,B,4
Android,B,4
Android,B,4
Android,B,4
Android,B,4
Android,B,4
Android,B,4
Android,B,4
Android,B,4
Android,B,4
Android,B,4
Android,B,4
Android,B,4
Android,B,4
Android,B,4
Android,B,4
Android,B,4
Android,B,4
Android,B,4
Android,B,4
Android,B,4
Android,B,4
Android,B,4
Android,B,4
Android,B,4
Android,B,4
Android,B,4
Android,B,4
Android,B,4
Android,B,4
Android,B,4
Android,B,4
Android,B,4
Android,B,4
Android,B,4
Android,B,4
Android,B,4
Android,B,4
Android,B,4
Android,B,4
Android,B,4
Android,B,4
Android,B,4
Android,B,4
Android,B,4
Android,B,4
Android,B,4
Android,B,4
Android,B,4
Android,B,4
Android,B,4
Android,B,4
Android,B,4
Android,B,4
Android,B,4
Android,B,4
Android,B,4
Android,B,4
Android,B,4
Android,B,4
Android,B,4
Android,B,4
Android,B,4
Android,B,4
Android,B,4
Android,B,4
Android,B,4
Android,B,4
Android,B,4
Android,B,4
Android,B,4
Android,B,4
Android,B,4
Android,B,4
Android,B,4
Android,B,4
Android,B,4
Android,B,4
Android,B,4
Android,B,4
Android,B,4
Android,B,4
Android,B,4
Android,B,4
Android,B,4
Android,B,4
Android,B,4
Android,B,4
Android,B,4
Android,B,4
Android,B,4
Android,B,4
Android,B,4
Android,B,4
Android,B,4
Android,B,4
Android,B,4
Android,B,4
Android,B,4
Android,B,4
Android,B,4
Android,B,4
Android,B,4
Android,B,4
Android,B,4
Android,B,4
Android,B,4
Android,B,4
Android,B,4
Android,B,4
Android,B,4
Android,B,4
Android,B,4
Android,B,4
Android,B,4
Android,B,4
Android,B,4
Android,B,4
Android,B,4
Android,B,4
Android,B,4
Android,B,4
Android,B,4
Android,B,4
Android,B,4
Android,B,4
Android,B,4
Android,B,4
Android,B,4
Android,B,4
Android,B,4
Android,B,4
Android,B,4
Android,B,4
Android,B,4
Android,B,4
Android,B,4
Android,B,4
Android,B,4
Android,B,4
Android,B,4
Android,B,4
Android,B,4
Android,B,4
Android,B,4
Android,B,4
Android,B,4
Android,B,4
Android,B,4
Android,B,4
Android,B,4
Android,B,4
Android,B,4
Android,B,4
Android,B,4
Android,B,4
Android,B,4
Android,B,4
Android,B,4
Android,B,4
Android,B,4
Android,B,4
Android,B,4
Android,B,4
Android,B,4
Android,B,4
Android,B,4
Android,B,4
Android,B,4
Android,B,4
Android,B,4
Android,B,4
Android,B,4
Android,B,4
Android,B,4
Android,B,4
Android,B,4
Android,B,4
Android,B,4
Android,B,4
Android,B,4
Android,B,4
Android,B,4
Android,B,4
Android,B,4
Android,B,4
Android,B,4
Android,B,4
Android,B,4
Android,B,4
Android,B,4
Android,B,4
Android,B,4
Android,B,4
Android,B,4
Android,B,4
Android,B,4
Android,B,4
Android,B,4
Android,B,4
Android,B,4
Android,B,4
Android,B,4
Android,B,4
Android,B,4
Android,B,4
Android,B,4
Android,B,4
Android,B,4
Android,B,4
Android,B,4
Android,B,4
Android,B,4
Android,B,4
Android,B,4
Android,B,4
Android,B,4
Android,B,4
Android,B,4
Android,B,4
Android,B,4
Android,B,4
Android,B,4
Android,B,4
Android,B,4
Android,B,4
Android,B,4
Android,B,4
Android,B,4
Android,B,4
Android,B,4
Android,B,4
Android,B,4
Android,B,4
Android,B,4
Android,B,4
Android,B,4
Android,B,4
Android,B,4
Android,B,4
Android,B,4
Android,B,4
Android,B,4
Android,B,4
Android,B,4
Android,B,4
Android,B,4
Android,B,4
Android,B,4
Android,B,4
Android,B,4
Android,B,4
Android,B,4
Android,B,4
Android,B,4
Android,B,4
Android,B,4
Android,B,4
Android,B,4
Android,B,4
Android,B,4
Android,B,4
Android,B,4
Android,B,4
Android,B,4
Android,B,4
Android,B,4
Android,B,4
Android,B,4
Android,B,4
Android,B,4
Android,B,4
Android,B,4
Android,B,4
Android,B,4
Android,B,4
Android,B,4
Android,B,4
Android,B,4
Android,B,4
Android,B,4
Android,B,4
Android,B,4
Android,B,4
Android,B,4
Android,B,4
Android,B,4
Android,B,4
Android,B,4
Android,B,4
Android,B,4
Android,B,4
Android,B,4
Android,B,4
Android,B,4
Android,B,4
Android,B,4
Android,B,4
Android,B,4
Android,B,4
Android,B,4
Android,B,4
Android,B,4
Android,B,4
Android,B,4
Android,B,4
Android,B,4
Android,B,4
Android,B,4
Android,B,4
Android,B,4
Android,B,4
Android,B,4
Android,B,4
Android,B,4
Android,B,4
Android,B,4
Android,B,4
Android,B,4
Android,B,4
Android,B,4
Android,B,4
Android,B,4
Android,B,4
Android,B,4
Android,B,4
Android,B,4
Android,B,4
Android,B,4
Android,B,4
Android,B,4
Android,B,4
Android,B,4
Android,B,4
Android,B,4
Android,B,4
iPhone,A,2
iPhone,A,2
iPhone,A,2
iPhone,A,2
iPhone,A,2
iPhone,A,2
iPhone,A,2
iPhone,A,2
iPhone,A,2
iPhone,A,2
iPhone,A,2
iPhone,A,2
iPhone,A,2
iPhone,A,2
iPhone,A,2
iPhone,A,2
iPhone,A,2
iPhone,A,2
iPhone,A,2
iPhone,A,2
iPhone,A,2
iPhone,A,2
iPhone,A,2
iPhone,A,2
iPhone,A,2
iPhone,A,2
iPhone,A,2
iPhone,A,2
iPhone,A,2
iPhone,A,2
iPhone,A,2
iPhone,A,2
iPhone,A,2
iPhone,A,2
iPhone,A,2
iPhone,A,2
iPhone,A,2
iPhone,A,2
iPhone,A,2
iPhone,A,2
iPhone,A,2
iPhone,A,2
iPhone,A,2
iPhone,A,2
iPhone,A,2
iPhone,A,2
iPhone,A,2
iPhone,A,2
iPhone,A,2
iPhone,A,2
iPhone,A,2
iPhone,A,2
iPhone,A,2
iPhone,A,2
iPhone,A,2
iPhone,A,2
iPhone,A,2
iPhone,A,2
iPhone,A,2
iPhone,A,2
iPhone,A,2
iPhone,A,2
iPhone,A,2
iPhone,A,2
iPhone,A,2
iPhone,A,2
iPhone,A,2
iPhone,A,2
iPhone,A,2
iPhone,A,2
iPhone,A,2
iPhone,A,2
iPhone,A,2
iPhone,A,2
iPhone,A,2
iPhone,A,2
iPhone,A,2
iPhone,A,2
iPhone,A,2
iPhone,A,2
iPhone,A,2
iPhone,A,2
iPhone,A,2
iPhone,A,2
iPhone,A,2
iPhone,A,2
iPhone,A,2
iPhone,A,2
iPhone,A,2
iPhone,A,2
iPhone,A,2
iPhone,A,2
iPhone,A,2
iPhone,A,2
iPhone,A,2
iPhone,A,2
iPhone,A,2
iPhone,A,2
iPhone,A,2
iPhone,A,2
iPhone,A,2
iPhone,A,2
iPhone,A,2
iPhone,A,2
iPhone,A,2
iPhone,A,2
iPhone,A,2
iPhone,A,2
iPhone,A,2
iPhone,A,2
iPhone,A,2
iPhone,A,2
iPhone,A,2
iPhone,A,2
iPhone,A,2
iPhone,A,2
iPhone,A,2
iPhone,A,2
iPhone,A,2
iPhone,A,2
iPhone,A,2
iPhone,A,2
iPhone,A,2
iPhone,A,2
iPhone,A,2
iPhone,A,2
iPhone,A,2
iPhone,A,2
iPhone,A,2
iPhone,A,2
iPhone,A,2
iPhone,A,2
iPhone,A,2
iPhone,A,2
iPhone,A,2
iPhone,A,2
iPhone,A,2
iPhone,A,2
iPhone,A,2
iPhone,A,2
iPhone,A,2
iPhone,A,2
iPhone,A,2
iPhone,A,2
iPhone,A,2
iPhone,A,2
iPhone,A,2
iPhone,A,2
iPhone,A,2
iPhone,A,2
iPhone,A,2
iPhone,A,2
iPhone,A,2
iPhone,A,2
iPhone,A,2
iPhone,A,2
iPhone,A,2
iPhone,A,2
iPhone,A,2
iPhone,A,2
iPhone,A,2
iPhone,A,2
iPhone,A,2
iPhone,A,2
iPhone,A,2
iPhone,A,2
iPhone,A,2
iPhone,A,2
iPhone,A,2
iPhone,A,2
iPhone,A,2
iPhone,A,2
iPhone,A,2
iPhone,A,2
iPhone,A,2
iPhone,A,2
iPhone,A,2
iPhone,A,2
iPhone,A,2
iPhone,A,2
iPhone,A,2
iPhone,A,2
iPhone,A,2
iPhone,A,2
iPhone,A,2
iPhone,A,2
iPhone,A,2
iPhone,A,2
iPhone,A,2
iPhone,A,2
iPhone,A,2
iPhone,A,2
iPhone,A,2
iPhone,A,2
iPhone,A,2
iPhone,A,2
iPhone,A,2
iPhone,A,2
iPhone,A,2
iPhone,A,2
iPhone,A,2
iPhone,A,2
iPhone,A,2
iPhone,A,2
iPhone,A,2
iPhone,A,2
iPhone,A,2
iPhone,A,2
iPhone,A,2
iPhone,A,2
iPhone,A,2
iPhone,A,2
iPhone,A,2
iPhone,A,2
iPhone,A,2
iPhone,A,2
iPhone,A,2
iPhone,A,2
iPhone,A,2
iPhone,A,2
iPhone,A,2
iPhone,A,2
iPhone,A,2
iPhone,A,2
iPhone,A,2
iPhone,A,2
iPhone,A,2
iPhone,A,2
iPhone,A,2
iPhone,A,2
iPhone,A,2
iPhone,A,2
iPhone,A,2
iPhone,A,2
iPhone,A,2
iPhone,A,2
iPhone,A,2
iPhone,A,2
iPhone,A,2
iPhone,A,2
iPhone,A,2
iPhone,A,2
iPhone,A,2
iPhone,A,2
iPhone,A,2
iPhone,A,2
iPhone,A,2
iPhone,A,2
iPhone,A,2
iPhone,A,2
iPhone,A,2
iPhone,A,2
iPhone,A,2
iPhone,A,2
iPhone,A,2
iPhone,A,2
iPhone,A,2
iPhone,A,2
iPhone,A,2
iPhone,A,2
iPhone,A,2
iPhone,A,2
iPhone,A,2
iPhone,A,2
iPhone,A,2
iPhone,A,2
iPhone,A,2
iPhone,A,2
iPhone,A,2
iPhone,A,2
iPhone,A,2
iPhone,A,2
iPhone,A,2
iPhone,A,2
iPhone,A,2
iPhone,A,2
iPhone,A,2
iPhone,A,2
iPhone,A,2
iPhone,A,2
iPhone,A,2
iPhone,A,2
iPhone,A,2
iPhone,A,2
iPhone,A,2
iPhone,A,2
iPhone,A,2
iPhone,A,2
iPhone,A,2
iPhone,A,2
iPhone,A,2
iPhone,A,2
iPhone,A,2
iPhone,A,2
iPhone,A,2
iPhone,A,2
iPhone,A,2
iPhone,A,2
iPhone,A,2
iPhone,A,2
iPhone,A,2
iPhone,A,2
iPhone,A,2
iPhone,A,2
iPhone,A,2
iPhone,A,2
iPhone,A,2
iPhone,A,2
iPhone,A,2
iPhone,A,2
iPhone,A,2
iPhone,A,2
iPhone,A,2
iPhone,A,2
iPhone,A,2
iPhone,A,2
iPhone,A,2
iPhone,A,2
iPhone,A,2
iPhone,A,2
iPhone,A,2
iPhone,A,2
iPhone,A,2
iPhone,A,2
iPhone,A,2
iPhone,A,2
iPhone,A,2
iPhone,A,2
iPhone,A,2
iPhone,A,2
iPhone,A,2
iPhone,A,2
iPhone,A,2
iPhone,A,2
iPhone,A,2
iPhone,A,2
iPhone,A,2
iPhone,A,2
iPhone,A,2
iPhone,A,2
iPhone,A,2
iPhone,A,2
iPhone,A,2
iPhone,A,2
iPhone,A,2
iPhone,A,2
iPhone,A,2
iPhone,A,2
iPhone,A,2
iPhone,A,2
iPhone,A,2
iPhone,A,2
iPhone,A,2
iPhone,A,2
iPhone,A,2
iPhone,A,2
iPhone,A,2
iPhone,A,2
iPhone,A,2
iPhone,A,2
iPhone,A,2
iPhone,A,2
iPhone,A,2
iPhone,A,2
iPhone,A,2
iPhone,A,2
iPhone,A,2
iPhone,A,2
iPhone,A,2
iPhone,A,2
iPhone,A,2
iPhone,A,2
iPhone,A,2
iPhone,A,2
iPhone,A,2
iPhone,A,2
iPhone,A,2
iPhone,A,2
iPhone,A,2
iPhone,A,2
iPhone,A,2
iPhone,A,2
iPhone,A,2
iPhone,A,2
iPhone,A,2
iPhone,A,2
iPhone,A,2
iPhone,A,2
iPhone,A,2
iPhone,A,2
iPhone,A,2
iPhone,A,2
iPhone,A,2
iPhone,A,2
iPhone,A,2
iPhone,A,2
iPhone,A,2
iPhone,A,2
iPhone,A,2
iPhone,A,2
iPhone,A,2
iPhone,A,2
iPhone,A,2
iPhone,A,2
iPhone,A,2
iPhone,A,2
iPhone,A,2
iPhone,A,2
iPhone,A,2
iPhone,A,2
iPhone,A,2
iPhone,A,2
iPhone,A,2
iPhone,A,2
iPhone,A,2
iPhone,A,2
iPhone,A,2
iPhone,A,2
iPhone,A,2
iPhone,A,2
iPhone,A,2
iPhone,A,2
iPhone,A,2
iPhone,A,2
iPhone,A,2
iPhone,A,2
iPhone,A,2
iPhone,A,2
iPhone,A,2
iPhone,A,2
iPhone,A,2
iPhone,A,2
iPhone,A,2
iPhone,A,2
iPhone,A,2
iPhone,A,2
iPhone,A,2
iPhone,A,2
iPhone,A,2
iPhone,A,2
iPhone,A,2
iPhone,A,2
iPhone,A,2
iPhone,A,2
iPhone,A,2
iPhone,A,2
iPhone,A,2
iPhone,A,2
iPhone,A,2
iPhone,A,2
iPhone,A,2
iPhone,A,2
iPhone,A,2
iPhone,A,2
iPhone,A,2
iPhone,A,2
iPhone,A,2
iPhone,A,2
iPhone,A,2
iPhone,A,2
iPhone,A,2
iPhone,A,2
iPhone,A,2
iPhone,A,2
iPhone,A,2
iPhone,A,2
iPhone,A,2
iPhone,A,2
iPhone,A,2
iPhone,A,2
iPhone,A,2
iPhone,A,2
iPhone,A,2
iPhone,A,2
iPhone,A,2
iPhone,A,2
iPhone,A,2
iPhone,A,2
iPhone,A,2
iPhone,A,2
iPhone,A,2
iPhone,A,2
iPhone,A,2
iPhone,A,2
iPhone,A,2
iPhone,A,2
iPhone,A,2
iPhone,A,2
iPhone,A,2
iPhone,A,2
iPhone,A,2
iPhone,A,2
iPhone,A,2
iPhone,A,2
iPhone,A,2
iPhone,A,2
iPhone,A,2
iPhone,A,2
iPhone,A,2
iPhone,A,2
iPhone,A,2
iPhone,A,2
iPhone,A,2
iPhone,A,2
iPhone,A,2
iPhone,A,2
iPhone,A,2
iPhone,A,2
iPhone,A,2
iPhone,A,2
iPhone,A,2
iPhone,A,2
iPhone,A,2
iPhone,A,2
iPhone,A,2
iPhone,A,2
iPhone,A,2
iPhone,A,2
iPhone,A,2
iPhone,A,2
iPhone,A,2
iPhone,A,2
iPhone,A,2
iPhone,A,2
iPhone,A,2
iPhone,A,2
iPhone,A,2
iPhone,A,2
iPhone,A,2
iPhone,A,2
iPhone,A,2
iPhone,A,2
iPhone,A,2
iPhone,A,2
iPhone,A,2
iPhone,A,2
iPhone,A,2
iPhone,A,2
iPhone,A,2
iPhone,A,2
iPhone,A,2
iPhone,A,2
iPhone,A,2
iPhone,A,2
iPhone,A,2
iPhone,A,2
iPhone,A,2
iPhone,A,2
iPhone,A,2
iPhone,A,2
iPhone,A,2
iPhone,A,2
iPhone,A,2
iPhone,A,2
iPhone,A,2
iPhone,A,2
iPhone,A,2
iPhone,A,2
iPhone,A,2
iPhone,A,2
iPhone,A,2
iPhone,A,2
iPhone,A,2
iPhone,A,2
iPhone,A,2
iPhone,A,2
iPhone,A,2
iPhone,A,2
iPhone,A,2
iPhone,A,2
iPhone,A,2
iPhone,A,2
iPhone,A,2
iPhone,A,2
iPhone,A,2
iPhone,A,2
iPhone,A,2
iPhone,A,2
iPhone,A,2
iPhone,A,2
iPhone,A,2
iPhone,A,2
iPhone,A,2
iPhone,A,2
iPhone,A,2
iPhone,A,2
iPhone,A,2
iPhone,A,2
iPhone,A,2
iPhone,A,2
iPhone,A,2
iPhone,A,2
iPhone,A,2
iPhone,A,2
iPhone,A,2
iPhone,A,2
iPhone,A,2
iPhone,A,2
iPhone,A,2
iPhone,A,2
iPhone,A,2
iPhone,A,2
iPhone,A,2
iPhone,A,2
iPhone,A,2
iPhone,A,2
iPhone,A,2
iPhone,A,2
iPhone,A,2
iPhone,A,2
iPhone,A,2
iPhone,A,2
iPhone,A,2
iPhone,A,2
iPhone,A,2
iPhone,A,2
iPhone,A,2
iPhone,A,2
iPhone,A,2
iPhone,A,2
iPhone,A,2
iPhone,A,2
iPhone,A,2
iPhone,A,2
iPhone,A,2
iPhone,A,2
iPhone,A,2
iPhone,A,2
iPhone,A,2
iPhone,A,2
iPhone,A,2
iPhone,A,2
iPhone,A,2
iPhone,A,2
iPhone,A,2
iPhone,A,2
iPhone,A,2
iPhone,A,2
iPhone,A,2
iPhone,A,2
iPhone,A,2
iPhone,A,2
iPhone,A,2
iPhone,A,2
iPhone,A,2
iPhone,A,2
iPhone,A,2
iPhone,A,2
iPhone,A,2
iPhone,A,2
iPhone,A,2
iPhone,A,2
iPhone,A,2
iPhone,A,2
iPhone,A,2
iPhone,A,2
iPhone,A,2
iPhone,A,2
iPhone,A,2
iPhone,A,2
iPhone,A,2
iPhone,A,2
iPhone,A,2
iPhone,A,2
iPhone,A,2
iPhone,A,2
iPhone,A,2
iPhone,A,2
iPhone,A,2
iPhone,A,2
iPhone,A,2
iPhone,A,2
iPhone,A,2
iPhone,A,2
iPhone,A,2
iPhone,A,2
iPhone,A,2
iPhone,A,2
iPhone,A,2
iPhone,A,2
iPhone,A,2
iPhone,A,2
iPhone,A,2
iPhone,A,2
iPhone,A,2
iPhone,A,2
iPhone,A,2
iPhone,A,2
iPhone,A,2
iPhone,A,2
iPhone,A,2
iPhone,A,2
iPhone,A,2
iPhone,A,2
iPhone,A,2
iPhone,A,2
iPhone,A,2
iPhone,A,2
iPhone,A,2
iPhone,A,2
iPhone,A,2
iPhone,A,2
iPhone,A,2
iPhone,A,2
iPhone,A,2
iPhone,A,2
iPhone,A,2
iPhone,A,2
iPhone,A,2
iPhone,A,2
iPhone,A,2
iPhone,A,2
iPhone,A,2
iPhone,A,2
iPhone,A,2
iPhone,A,2
iPhone,A,2
iPhone,A,2
iPhone,A,2
iPhone,A,2
iPhone,A,2
iPhone,A,2
iPhone,A,2
iPhone,A,2
iPhone,A,2
iPhone,A,2
iPhone,A,2
iPhone,A,2
iPhone,A,2
iPhone,A,2
iPhone,A,2
iPhone,A,2
iPhone,A,2
iPhone,A,2
iPhone,A,2
iPhone,A,2
iPhone,A,2
iPhone,A,2
iPhone,A,2
iPhone,A,2
iPhone,A,2
iPhone,A,2
iPhone,A,2
iPhone,A,2
iPhone,A,2
iPhone,A,2
iPhone,A,2
iPhone,A,2
iPhone,A,2
iPhone,A,2
iPhone,A,2
iPhone,A,2
iPhone,A,2
iPhone,A,2
iPhone,A,2
iPhone,A,2
iPhone,A,2
iPhone,A,2
iPhone,A,2
iPhone,A,2
iPhone,A,2
iPhone,A,2
iPhone,A,2
iPhone,A,2
iPhone,A,2
iPhone,A,2
iPhone,A,2
iPhone,A,2
iPhone,A,2
iPhone,A,2
iPhone,A,2
iPhone,A,2
iPhone,A,2
iPhone,A,2
iPhone,A,2
iPhone,A,2
iPhone,A,2
iPhone,A,2
iPhone,A,2
iPhone,A,2
iPhone,A,2
iPhone,A,2
iPhone,A,2
iPhone,A,3
iPhone,A,3
iPhone,A,3
iPhone,A,3
iPhone,A,3
iPhone,A,3
iPhone,A,3
iPhone,A,3
iPhone,A,3
iPhone,A,3
iPhone,A,3
iPhone,A,3
iPhone,A,3
iPhone,A,3
iPhone,A,3
iPhone,A,3
iPhone,A,3
iPhone,A,3
iPhone,A,3
iPhone,A,3
iPhone,A,3
iPhone,A,3
iPhone,A,3
iPhone,A,3
iPhone,A,3
iPhone,A,3
iPhone,A,3
iPhone,A,3
iPhone,A,3
iPhone,A,3
iPhone,A,3
iPhone,A,3
iPhone,A,3
iPhone,A,3
iPhone,A,3
iPhone,A,3
iPhone,A,3
iPhone,A,3
iPhone,A,3
iPhone,A,3
iPhone,A,3
iPhone,A,3
iPhone,A,3
iPhone,A,3
iPhone,A,3
iPhone,A,3
iPhone,A,3
iPhone,A,3
iPhone,A,3
iPhone,A,3
iPhone,A,3
iPhone,A,3
iPhone,A,3
iPhone,A,3
iPhone,A,3
iPhone,A,3
iPhone,A,3
iPhone,A,3
iPhone,A,3
iPhone,A,3
iPhone,A,3
iPhone,A,3
iPhone,A,3
iPhone,A,3
iPhone,A,3
iPhone,A,3
iPhone,A,3
iPhone,A,3
iPhone,A,3
iPhone,A,3
iPhone,A,3
iPhone,A,3
iPhone,A,3
iPhone,A,3
iPhone,A,3
iPhone,A,3
iPhone,A,3
iPhone,A,3
iPhone,A,3
iPhone,A,3
iPhone,A,3
iPhone,A,3
iPhone,A,3
iPhone,A,3
iPhone,A,3
iPhone,A,3
iPhone,A,3
iPhone,A,3
iPhone,A,3
iPhone,A,3
iPhone,A,3
iPhone,A,3
iPhone,A,3
iPhone,A,3
iPhone,A,3
iPhone,A,3
iPhone,A,3
iPhone,A,3
iPhone,A,3
iPhone,A,3
iPhone,A,3
iPhone,A,3
iPhone,A,3
iPhone,A,3
iPhone,A,3
iPhone,A,3
iPhone,A,3
iPhone,A,3
iPhone,A,3
iPhone,A,3
iPhone,A,3
iPhone,A,3
iPhone,A,3
iPhone,A,3
iPhone,A,3
iPhone,A,3
iPhone,A,3
iPhone,A,3
iPhone,A,3
iPhone,A,3
iPhone,A,3
iPhone,A,3
iPhone,A,3
iPhone,A,3
iPhone,A,3
iPhone,A,3
iPhone,A,3
iPhone,A,3
iPhone,A,3
iPhone,A,3
iPhone,A,3
iPhone,A,3
iPhone,A,3
iPhone,A,3
iPhone,A,3
iPhone,A,3
iPhone,A,3
iPhone,A,3
iPhone,A,3
iPhone,A,3
iPhone,A,3
iPhone,A,3
iPhone,A,3
iPhone,A,3
iPhone,A,3
iPhone,A,3
iPhone,A,3
iPhone,A,3
iPhone,A,3
iPhone,A,3
iPhone,A,3
iPhone,A,3
iPhone,A,3
iPhone,A,3
iPhone,A,3
iPhone,A,3
iPhone,A,3
iPhone,A,3
iPhone,A,3
iPhone,A,3
iPhone,A,3
iPhone,A,3
iPhone,A,3
iPhone,A,3
iPhone,A,3
iPhone,A,3
iPhone,A,3
iPhone,A,3
iPhone,A,3
iPhone,A,3
iPhone,A,3
iPhone,A,3
iPhone,A,3
iPhone,A,3
iPhone,A,3
iPhone,A,3
iPhone,A,3
iPhone,A,3
iPhone,A,3
iPhone,A,3
iPhone,A,3
iPhone,A,3
iPhone,A,3
iPhone,A,3
iPhone,A,3
iPhone,A,3
iPhone,A,3
iPhone,A,3
iPhone,A,3
iPhone,A,3
iPhone,A,3
iPhone,A,3
iPhone,A,3
iPhone,A,3
iPhone,A,3
iPhone,A,3
iPhone,A,3
iPhone,A,3
iPhone,A,3
iPhone,A,3
iPhone,A,3
iPhone,A,3
iPhone,A,3
iPhone,A,3
iPhone,A,3
iPhone,A,3
iPhone,A,3
iPhone,A,3
iPhone,A,3
iPhone,A,3
iPhone,A,3
iPhone,A,3
iPhone,A,3
iPhone,A,3
iPhone,A,3
iPhone,A,3
iPhone,A,3
iPhone,A,3
iPhone,A,3
iPhone,A,3
iPhone,A,3
iPhone,A,3
iPhone,A,3
iPhone,A,3
iPhone,A,3
iPhone,A,3
iPhone,A,3
iPhone,A,3
iPhone,A,3
iPhone,A,3
iPhone,A,3
iPhone,A,3
iPhone,A,3
iPhone,A,3
iPhone,A,3
iPhone,A,3
iPhone,A,3
iPhone,A,3
iPhone,A,3
iPhone,A,3
iPhone,A,3
iPhone,A,3
iPhone,A,3
iPhone,A,3
iPhone,A,3
iPhone,A,3
iPhone,A,3
iPhone,A,3
iPhone,A,3
iPhone,A,3
iPhone,A,3
iPhone,A,3
iPhone,A,3
iPhone,A,3
iPhone,A,3
iPhone,A,3
iPhone,A,3
iPhone,A,3
iPhone,A,3
iPhone,A,3
iPhone,A,3
iPhone,A,3
iPhone,A,3
iPhone,A,3
iPhone,A,3
iPhone,A,3
iPhone,A,3
iPhone,A,3
iPhone,A,3
iPhone,A,3
iPhone,A,3
iPhone,A,3
iPhone,A,3
iPhone,A,3
iPhone,A,3
iPhone,A,3
iPhone,A,3
iPhone,A,3
iPhone,A,3
iPhone,A,3
iPhone,A,3
iPhone,A,3
iPhone,A,3
iPhone,A,3
iPhone,A,3
iPhone,A,3
iPhone,A,3
iPhone,A,3
iPhone,A,3
iPhone,A,3
iPhone,A,3
iPhone,A,3
iPhone,A,3
iPhone,A,3
iPhone,A,3
iPhone,A,3
iPhone,A,3
iPhone,A,3
iPhone,A,3
iPhone,A,3
iPhone,A,3
iPhone,A,3
iPhone,A,3
iPhone,A,3
iPhone,A,3
iPhone,A,3
iPhone,A,3
iPhone,A,3
iPhone,A,3
iPhone,A,3
iPhone,A,3
iPhone,A,3
iPhone,A,3
iPhone,A,3
iPhone,A,3
iPhone,A,3
iPhone,A,3
iPhone,A,3
iPhone,A,3
iPhone,A,3
iPhone,A,3
iPhone,A,3
iPhone,A,3
iPhone,A,3
iPhone,A,3
iPhone,A,3
iPhone,A,3
iPhone,A,3
iPhone,A,3
iPhone,A,3
iPhone,A,3
iPhone,A,3
iPhone,A,3
iPhone,A,3
iPhone,A,3
iPhone,A,3
iPhone,A,3
iPhone,A,3
iPhone,A,3
iPhone,A,3
iPhone,A,3
iPhone,A,3
iPhone,A,3
iPhone,A,3
iPhone,A,3
iPhone,A,3
iPhone,A,3
iPhone,A,3
iPhone,A,3
iPhone,A,3
iPhone,A,3
iPhone,A,3
iPhone,A,3
iPhone,A,3
iPhone,A,3
iPhone,A,3
iPhone,A,3
iPhone,A,3
iPhone,A,3
iPhone,A,3
iPhone,A,3
iPhone,A,3
iPhone,A,3
iPhone,A,3
iPhone,A,3
iPhone,A,3
iPhone,A,3
iPhone,A,3
iPhone,A,3
iPhone,A,3
iPhone,A,3
iPhone,A,3
iPhone,A,3
iPhone,A,3
iPhone,A,3
iPhone,A,3
iPhone,A,3
iPhone,A,3
iPhone,A,3
iPhone,A,3
iPhone,A,3
iPhone,A,3
iPhone,A,3
iPhone,A,3
iPhone,A,3
iPhone,A,3
iPhone,A,3
iPhone,A,3
iPhone,A,3
iPhone,A,3
iPhone,A,3
iPhone,A,3
iPhone,A,3
iPhone,A,3
iPhone,A,3
iPhone,A,3
iPhone,A,3
iPhone,A,3
iPhone,A,3
iPhone,A,3
iPhone,A,3
iPhone,A,3
iPhone,A,3
iPhone,A,3
iPhone,A,3
iPhone,A,3
iPhone,A,3
iPhone,A,3
iPhone,A,3
iPhone,A,3
iPhone,A,3
iPhone,A,3
iPhone,A,3
iPhone,A,3
iPhone,A,3
iPhone,A,3
iPhone,A,3
iPhone,A,3
iPhone,A,3
iPhone,A,3
iPhone,A,3
iPhone,A,3
iPhone,A,3
iPhone,A,3
iPhone,A,3
iPhone,A,3
iPhone,A,3
iPhone,A,3
iPhone,A,3
iPhone,A,3
iPhone,A,3
iPhone,A,3
iPhone,A,3
iPhone,A,3
iPhone,A,3
iPhone,A,3
iPhone,A,3
iPhone,A,3
iPhone,A,3
iPhone,A,3
iPhone,A,3
iPhone,A,3
iPhone,A,3
iPhone,A,3
iPhone,A,3
iPhone,A,3
iPhone,A,3
iPhone,A,3
iPhone,A,3
iPhone,A,3
iPhone,A,3
iPhone,A,3
iPhone,A,3
iPhone,A,3
iPhone,A,3
iPhone,A,3
iPhone,A,3
iPhone,A,3
iPhone,A,3
iPhone,A,3
iPhone,A,3
iPhone,A,3
iPhone,A,3
iPhone,A,3
iPhone,A,3
iPhone,A,3
iPhone,A,3
iPhone,A,3
iPhone,A,3
iPhone,A,3
iPhone,A,3
iPhone,A,3
iPhone,A,3
iPhone,A,3
iPhone,A,3
iPhone,A,3
iPhone,A,3
iPhone,A,3
iPhone,A,3
iPhone,A,3
iPhone,A,3
iPhone,A,3
iPhone,A,3
iPhone,A,3
iPhone,A,3
iPhone,A,3
iPhone,A,3
iPhone,A,3
iPhone,A,3
iPhone,A,3
iPhone,A,3
iPhone,A,3
iPhone,A,3
iPhone,A,3
iPhone,A,3
iPhone,A,3
iPhone,A,3
iPhone,A,3
iPhone,A,3
iPhone,A,3
iPhone,A,3
iPhone,A,3
iPhone,A,3
iPhone,A,3
iPhone,A,3
iPhone,A,3
iPhone,A,3
iPhone,A,3
iPhone,A,3
iPhone,A,3
iPhone,A,3
iPhone,A,3
iPhone,A,3
iPhone,A,3
iPhone,A,3
iPhone,A,3
iPhone,A,3
iPhone,A,3
iPhone,A,3
iPhone,A,3
iPhone,A,3
iPhone,A,3
iPhone,A,3
iPhone,A,3
iPhone,A,3
iPhone,A,3
iPhone,A,3
iPhone,A,3
iPhone,A,3
iPhone,A,3
iPhone,A,3
iPhone,A,3
iPhone,A,3
iPhone,A,3
iPhone,A,3
iPhone,A,3
iPhone,A,3
iPhone,A,3
iPhone,A,3
iPhone,A,3
iPhone,A,3
iPhone,A,3
iPhone,A,3
iPhone,A,3
iPhone,A,3
iPhone,A,3
iPhone,A,3
iPhone,A,3
iPhone,A,3
iPhone,A,3
iPhone,A,3
iPhone,A,3
iPhone,A,3
iPhone,A,3
iPhone,A,3
iPhone,A,3
iPhone,A,3
iPhone,A,3
iPhone,A,3
iPhone,A,3
iPhone,A,3
iPhone,A,3
iPhone,A,3
iPhone,A,3
iPhone,A,3
iPhone,A,3
iPhone,A,3
iPhone,A,3
iPhone,A,3
iPhone,A,3
iPhone,A,3
iPhone,A,3
iPhone,A,3
iPhone,A,3
iPhone,A,3
iPhone,A,3
iPhone,A,3
iPhone,A,3
iPhone,A,3
iPhone,A,3
iPhone,A,3
iPhone,A,3
iPhone,A,3
iPhone,A,3
iPhone,A,3
iPhone,A,3
iPhone,A,3
iPhone,A,3
iPhone,A,3
iPhone,A,3
iPhone,A,3
iPhone,A,3
iPhone,A,3
iPhone,A,3
iPhone,A,3
iPhone,A,3
iPhone,A,3
iPhone,A,3
iPhone,A,3
iPhone,A,3
iPhone,A,3
iPhone,A,3
iPhone,A,3
iPhone,A,3
iPhone,A,3
iPhone,A,3
iPhone,A,3
iPhone,A,3
iPhone,A,3
iPhone,A,3
iPhone,A,3
iPhone,A,3
iPhone,A,3
iPhone,A,3
iPhone,A,3
iPhone,A,3
iPhone,A,3
iPhone,A,3
iPhone,A,3
iPhone,A,4
iPhone,A,4
iPhone,A,4
iPhone,A,4
iPhone,A,4
iPhone,A,4
iPhone,A,4
iPhone,A,4
iPhone,A,4
iPhone,A,4
iPhone,A,4
iPhone,A,4
iPhone,A,4
iPhone,A,4
iPhone,A,4
iPhone,A,4
iPhone,A,4
iPhone,A,4
iPhone,A,4
iPhone,A,4
iPhone,A,4
iPhone,A,4
iPhone,A,4
iPhone,A,4
iPhone,A,4
iPhone,A,4
iPhone,A,4
iPhone,A,4
iPhone,A,4
iPhone,A,4
iPhone,A,4
iPhone,A,4
iPhone,A,4
iPhone,A,4
iPhone,A,4
iPhone,A,4
iPhone,A,4
iPhone,A,4
iPhone,A,4
iPhone,A,4
iPhone,A,4
iPhone,A,4
iPhone,A,4
iPhone,A,4
iPhone,A,4
iPhone,A,4
iPhone,A,4
iPhone,A,4
iPhone,A,4
iPhone,A,4
iPhone,A,4
iPhone,A,4
iPhone,A,4
iPhone,A,4
iPhone,A,4
iPhone,A,4
iPhone,A,4
iPhone,A,4
iPhone,A,4
iPhone,A,4
iPhone,A,4
iPhone,A,4
iPhone,A,4
iPhone,A,4
iPhone,A,4
iPhone,A,4
iPhone,A,4
iPhone,A,4
iPhone,A,4
iPhone,A,4
iPhone,A,4
iPhone,A,4
iPhone,A,4
iPhone,A,4
iPhone,A,4
iPhone,A,4
iPhone,A,4
iPhone,A,4
iPhone,A,4
iPhone,A,4
iPhone,A,4
iPhone,A,4
iPhone,A,4
iPhone,A,4
iPhone,A,4
iPhone,A,4
iPhone,A,4
iPhone,A,4
iPhone,A,4
iPhone,A,4
iPhone,A,4
iPhone,A,4
iPhone,A,4
iPhone,A,4
iPhone,A,4
iPhone,A,4
iPhone,A,4
iPhone,A,4
iPhone,A,4
iPhone,A,4
iPhone,A,4
iPhone,A,4
iPhone,A,4
iPhone,A,4
iPhone,A,4
iPhone,A,4
iPhone,A,4
iPhone,A,4
iPhone,A,4
iPhone,A,4
iPhone,A,4
iPhone,A,4
iPhone,A,4
iPhone,A,4
iPhone,A,4
iPhone,A,4
iPhone,A,4
iPhone,A,4
iPhone,A,4
iPhone,A,4
iPhone,A,4
iPhone,A,4
iPhone,A,4
iPhone,A,4
iPhone,A,4
iPhone,A,4
iPhone,A,4
iPhone,A,4
iPhone,A,4
iPhone,A,4
iPhone,A,4
iPhone,A,4
iPhone,A,4
iPhone,A,4
iPhone,A,4
iPhone,A,4
iPhone,A,4
iPhone,A,4
iPhone,A,4
iPhone,A,4
iPhone,A,4
iPhone,A,4
iPhone,A,4
iPhone,A,4
iPhone,A,4
iPhone,A,4
iPhone,A,4
iPhone,A,4
iPhone,A,4
iPhone,A,4
iPhone,A,4
iPhone,A,4
iPhone,A,4
iPhone,A,4
iPhone,A,4
iPhone,A,4
iPhone,A,4
iPhone,A,4
iPhone,A,4
iPhone,A,4
iPhone,A,4
iPhone,A,4
iPhone,A,4
iPhone,A,4
iPhone,A,4
iPhone,A,4
iPhone,A,4
iPhone,A,4
iPhone,A,4
iPhone,A,4
iPhone,A,4
iPhone,A,4
iPhone,A,4
iPhone,A,4
iPhone,A,4
iPhone,A,4
iPhone,A,4
iPhone,A,4
iPhone,A,4
iPhone,A,4
iPhone,A,4
iPhone,A,4
iPhone,A,4
iPhone,A,4
iPhone,A,4
iPhone,A,4
iPhone,A,4
iPhone,A,4
iPhone,A,4
iPhone,A,4
iPhone,A,4
iPhone,A,4
iPhone,A,4
iPhone,A,4
iPhone,A,4
iPhone,A,4
iPhone,A,4
iPhone,A,4
iPhone,A,4
iPhone,A,4
iPhone,A,4
iPhone,A,4
iPhone,A,4
iPhone,A,4
iPhone,A,4
iPhone,A,4
iPhone,A,4
iPhone,A,4
iPhone,A,4
iPhone,A,4
iPhone,A,4
iPhone,A,4
iPhone,A,4
iPhone,A,4
iPhone,A,4
iPhone,A,4
iPhone,A,4
iPhone,A,4
iPhone,A,4
iPhone,A,4
iPhone,A,4
iPhone,A,4
iPhone,A,4
iPhone,A,4
iPhone,A,4
iPhone,A,4
iPhone,A,4
iPhone,A,4
iPhone,A,4
iPhone,A,4
iPhone,A,4
iPhone,A,4
iPhone,A,4
iPhone,A,4
iPhone,A,4
iPhone,A,4
iPhone,A,4
iPhone,A,4
iPhone,A,4
iPhone,A,4
iPhone,A,4
iPhone,A,4
iPhone,A,4
iPhone,A,4
iPhone,A,4
iPhone,A,4
iPhone,A,4
iPhone,A,4
iPhone,A,4
iPhone,A,4
iPhone,A,4
iPhone,A,4
iPhone,A,4
iPhone,A,4
iPhone,A,4
iPhone,A,4
iPhone,A,4
iPhone,A,4
iPhone,A,4
iPhone,A,4
iPhone,A,4
iPhone,A,4
iPhone,A,4
iPhone,A,4
iPhone,A,4
iPhone,A,4
iPhone,A,4
iPhone,A,4
iPhone,A,4
iPhone,A,4
iPhone,A,4
iPhone,A,4
iPhone,A,4
iPhone,A,4
iPhone,A,4
iPhone,A,4
iPhone,A,4
iPhone,A,4
iPhone,A,4
iPhone,A,4
iPhone,A,4
iPhone,A,4
iPhone,A,4
iPhone,A,4
iPhone,A,4
iPhone,A,4
iPhone,A,4
iPhone,A,4
iPhone,A,4
iPhone,A,4
iPhone,A,4
iPhone,A,4
iPhone,A,4
iPhone,A,4
iPhone,A,4
iPhone,A,4
iPhone,A,4
iPhone,A,4
iPhone,A,4
iPhone,A,4
iPhone,A,4
iPhone,A,4
iPhone,A,4
iPhone,A,4
iPhone,A,4
iPhone,A,4
iPhone,A,4
iPhone,A,4
iPhone,A,4
iPhone,A,4
iPhone,A,4
iPhone,A,4
iPhone,A,4
iPhone,A,4
iPhone,A,4
iPhone,A,4
iPhone,A,4
iPhone,A,4
iPhone,A,4
iPhone,A,4
iPhone,A,4
iPhone,A,4
iPhone,A,4
iPhone,A,4
iPhone,A,4
iPhone,A,4
iPhone,A,4
iPhone,A,4
iPhone,A,4
iPhone,A,4
iPhone,A,4
iPhone,A,4
iPhone,A,4
iPhone,A,4
iPhone,A,4
iPhone,A,4
iPhone,A,4
iPhone,A,4
iPhone,A,4
iPhone,A,4
iPhone,A,4
iPhone,A,4
iPhone,A,4
iPhone,A,4
iPhone,A,4
iPhone,A,4
iPhone,A,4
iPhone,A,4
iPhone,A,4
iPhone,A,4
iPhone,A,4
iPhone,A,4
iPhone,A,4
iPhone,A,4
iPhone,A,4
iPhone,A,4
iPhone,A,4
iPhone,A,4
iPhone,A,4
iPhone,A,4
iPhone,A,4
iPhone,A,4
iPhone,A,4
iPhone,A,4
iPhone,A,4
iPhone,A,4
iPhone,A,4
iPhone,A,4
iPhone,A,4
iPhone,A,4
iPhone,A,4
iPhone,A,4
iPhone,A,4
iPhone,A,4
iPhone,A,4
iPhone,A,4
iPhone,A,4
iPhone,A,4
iPhone,A,4
iPhone,A,4
iPhone,A,4
iPhone,A,4
iPhone,A,4
iPhone,A,4
iPhone,A,4
iPhone,A,4
iPhone,A,4
iPhone,A,4
iPhone,A,4
iPhone,A,4
iPhone,A,4
iPhone,A,4
iPhone,A,4
iPhone,A,4
iPhone,A,4
iPhone,A,4
iPhone,A,4
iPhone,A,4
iPhone,A,4
iPhone,A,4
iPhone,A,4
iPhone,A,4
iPhone,A,4
iPhone,A,4
iPhone,A,4
iPhone,A,4
iPhone,A,4
iPhone,A,4
iPhone,A,4
iPhone,A,4
iPhone,A,4
iPhone,A,4
iPhone,A,4
iPhone,A,4
iPhone,A,4
iPhone,A,4
iPhone,A,4
iPhone,A,4
iPhone,A,4
iPhone,A,4
iPhone,A,4
iPhone,A,4
iPhone,A,4
iPhone,A,4
iPhone,A,4
iPhone,A,4
iPhone,A,4
iPhone,A,4
iPhone,A,4
iPhone,A,4
iPhone,A,4
iPhone,A,4
iPhone,A,4
iPhone,A,4
iPhone,A,4
iPhone,A,4
iPhone,A,4
iPhone,A,4
iPhone,A,4
iPhone,A,4
iPhone,A,4
iPhone,A,4
iPhone,A,4
iPhone,A,4
iPhone,A,4
iPhone,A,4
iPhone,A,4
iPhone,A,4
iPhone,A,4
iPhone,A,4
iPhone,A,4
iPhone,A,4
iPhone,A,4
iPhone,A,4
iPhone,A,4
iPhone,A,4
iPhone,A,4
iPhone,A,4
iPhone,A,4
iPhone,A,4
iPhone,A,4
iPhone,A,4
iPhone,A,4
iPhone,A,4
iPhone,A,4
iPhone,A,4
iPhone,A,4
iPhone,A,4
iPhone,A,4
iPhone,A,4
iPhone,A,4
iPhone,A,4
iPhone,A,4
iPhone,A,4
iPhone,A,4
iPhone,A,4
iPhone,A,4
iPhone,A,4
iPhone,A,4
iPhone,A,4
iPhone,A,4
iPhone,A,4
iPhone,A,4
iPhone,A,4
iPhone,A,4
iPhone,A,4
iPhone,A,4
iPhone,A,4
iPhone,A,4
iPhone,A,4
iPhone,A,4
iPhone,A,4
iPhone,A,4
iPhone,A,4
iPhone,A,4
iPhone,A,4
iPhone,A,4
iPhone,A,4
iPhone,A,4
iPhone,A,4
iPhone,A,4
iPhone,A,4
iPhone,A,4
iPhone,A,4
iPhone,A,4
iPhone,A,4
iPhone,A,4
iPhone,A,4
iPhone,A,4
iPhone,A,4
iPhone,A,4
iPhone,A,4
iPhone,A,4
iPhone,A,4
iPhone,A,4
iPhone,A,4
iPhone,A,4
iPhone,A,4
iPhone,A,4
iPhone,A,4
iPhone,A,4
iPhone,A,4
iPhone,A,4
iPhone,A,4
iPhone,A,4
iPhone,A,4
iPhone,A,4
iPhone,A,4
iPhone,A,4
iPhone,A,4
iPhone,A,4
iPhone,A,4
iPhone,A,4
iPhone,A,4
iPhone,A,4
iPhone,A,4
iPhone,A,4
iPhone,A,4
iPhone,A,4
iPhone,A,4
iPhone,A,4
iPhone,A,4
iPhone,A,4
iPhone,A,4
iPhone,A,4
iPhone,A,4
iPhone,A,4
iPhone,A,4
iPhone,A,4
iPhone,A,4
iPhone,A,4
iPhone,A,4
iPhone,A,4
iPhone,A,4
iPhone,A,4
iPhone,A,4
iPhone,A,4
iPhone,A,4
iPhone,A,4
iPhone,A,4
iPhone,A,4
iPhone,A,4
iPhone,A,4
iPhone,A,4
iPhone,A,4
iPhone,A,4
iPhone,A,4
iPhone,A,4
iPhone,A,4
iPhone,A,4
iPhone,A,4
iPhone,A,4
iPhone,A,4
iPhone,A,4
iPhone,A,4
iPhone,A,4
iPhone,A,4
iPhone,A,4
iPhone,A,4
iPhone,A,4
iPhone,A,4
iPhone,A,4
iPhone,A,4
iPhone,A,4
iPhone,A,4
iPhone,A,4
iPhone,A,4
iPhone,A,4
iPhone,A,4
iPhone,A,4
iPhone,A,4
iPhone,A,4
iPhone,A,4
iPhone,A,4
iPhone,A,4
iPhone,A,4
iPhone,A,4
iPhone,A,4
iPhone,A,4
iPhone,A,4
iPhone,A,4
iPhone,A,4
iPhone,A,4
iPhone,A,4
iPhone,A,4
iPhone,A,4
iPhone,A,4
iPhone,A,4
iPhone,A,4
iPhone,A,4
iPhone,A,4
iPhone,A,4
iPhone,A,4
iPhone,A,4
iPhone,A,4
iPhone,A,4
iPhone,A,4
iPhone,A,4
iPhone,A,4
iPhone,A,4
iPhone,A,4
iPhone,A,4
iPhone,A,4
iPhone,A,4
iPhone,A,4
iPhone,A,4
iPhone,A,4
iPhone,A,4
iPhone,A,4
iPhone,A,4
iPhone,A,4
iPhone,A,4
iPhone,A,4
iPhone,A,4
iPhone,A,4
iPhone,A,4
iPhone,A,4
iPhone,A,4
iPhone,A,4
iPhone,A,4
iPhone,A,4
iPhone,A,4
iPhone,A,4
iPhone,A,4
iPhone,A,4
iPhone,A,4
iPhone,A,4
iPhone,A,4
iPhone,A,4
iPhone,A,4
iPhone,A,4
iPhone,A,4
iPhone,A,4
iPhone,A,4
iPhone,A,4
iPhone,A,4
iPhone,A,4
iPhone,A,4
iPhone,A,4
iPhone,A,4
iPhone,A,4
iPhone,A,4
iPhone,A,4
iPhone,A,4
iPhone,A,4
iPhone,A,4
iPhone,A,4
iPhone,A,4
iPhone,A,4
iPhone,A,4
iPhone,A,4
iPhone,A,4
iPhone,A,4
iPhone,A,4
iPhone,A,4
iPhone,A,4
iPhone,A,4
iPhone,A,4
iPhone,A,4
iPhone,A,4
iPhone,A,4
iPhone,A,4
iPhone,A,4
iPhone,A,4
iPhone,A,4
iPhone,A,4
iPhone,A,4
iPhone,A,4
iPhone,A,4
iPhone,A,4
iPhone,A,4
iPhone,A,4
iPhone,A,4
iPhone,A,4
iPhone,A,4
iPhone,A,4
iPhone,A,4
iPhone,A,4
iPhone,A,4
iPhone,A,4
iPhone,A,4
iPhone,A,4
iPhone,A,4
iPhone,A,4
iPhone,A,4
iPhone,A,4
iPhone,A,4
iPhone,A,4
iPhone,A,4
iPhone,A,4
iPhone,A,4
iPhone,A,4
iPhone,A,4
iPhone,A,4
iPhone,A,4
iPhone,A,4
iPhone,A,4
iPhone,A,4
iPhone,A,4
iPhone,A,4
iPhone,A,4
iPhone,A,4
iPhone,A,4
iPhone,A,4
iPhone,A,4
iPhone,A,4
iPhone,A,4
iPhone,A,4
iPhone,A,4
iPhone,A,4
iPhone,A,4
iPhone,A,4
iPhone,A,4
iPhone,A,4
iPhone,A,4
iPhone,A,4
iPhone,A,4
iPhone,A,4
iPhone,A,4
iPhone,A,4
iPhone,A,4
iPhone,A,4
iPhone,A,4
iPhone,A,4
iPhone,A,4
iPhone,A,4
iPhone,A,4
iPhone,A,4
iPhone,A,4
iPhone,A,4
iPhone,A,4
iPhone,A,4
iPhone,A,4
iPhone,A,4
iPhone,A,4
iPhone,A,4
iPhone,A,4
iPhone,B,2
iPhone,B,2
iPhone,B,2
iPhone,B,2
iPhone,B,2
iPhone,B,2
iPhone,B,2
iPhone,B,2
iPhone,B,2
iPhone,B,2
iPhone,B,2
iPhone,B,2
iPhone,B,2
iPhone,B,2
iPhone,B,2
iPhone,B,2
iPhone,B,2
iPhone,B,2
iPhone,B,2
iPhone,B,2
iPhone,B,2
iPhone,B,2
iPhone,B,2
iPhone,B,2
iPhone,B,2
iPhone,B,2
iPhone,B,2
iPhone,B,2
iPhone,B,2
iPhone,B,2
iPhone,B,2
iPhone,B,2
iPhone,B,2
iPhone,B,2
iPhone,B,2
iPhone,B,2
iPhone,B,2
iPhone,B,2
iPhone,B,2
iPhone,B,2
iPhone,B,2
iPhone,B,2
iPhone,B,2
iPhone,B,2
iPhone,B,2
iPhone,B,2
iPhone,B,2
iPhone,B,2
iPhone,B,2
iPhone,B,2
iPhone,B,2
iPhone,B,2
iPhone,B,2
iPhone,B,2
iPhone,B,2
iPhone,B,2
iPhone,B,2
iPhone,B,2
iPhone,B,2
iPhone,B,2
iPhone,B,2
iPhone,B,2
iPhone,B,2
iPhone,B,2
iPhone,B,2
iPhone,B,2
iPhone,B,2
iPhone,B,2
iPhone,B,2
iPhone,B,2
iPhone,B,2
iPhone,B,2
iPhone,B,2
iPhone,B,2
iPhone,B,2
iPhone,B,2
iPhone,B,2
iPhone,B,2
iPhone,B,2
iPhone,B,2
iPhone,B,2
iPhone,B,2
iPhone,B,2
iPhone,B,2
iPhone,B,2
iPhone,B,2
iPhone,B,2
iPhone,B,2
iPhone,B,2
iPhone,B,2
iPhone,B,2
iPhone,B,2
iPhone,B,2
iPhone,B,2
iPhone,B,2
iPhone,B,2
iPhone,B,2
iPhone,B,2
iPhone,B,2
iPhone,B,2
iPhone,B,2
iPhone,B,2
iPhone,B,2
iPhone,B,2
iPhone,B,2
iPhone,B,2
iPhone,B,2
iPhone,B,2
iPhone,B,2
iPhone,B,2
iPhone,B,2
iPhone,B,2
iPhone,B,2
iPhone,B,2
iPhone,B,2
iPhone,B,2
iPhone,B,2
iPhone,B,2
iPhone,B,2
iPhone,B,2
iPhone,B,2
iPhone,B,2
iPhone,B,2
iPhone,B,2
iPhone,B,2
iPhone,B,2
iPhone,B,2
iPhone,B,2
iPhone,B,2
iPhone,B,2
iPhone,B,2
iPhone,B,2
iPhone,B,2
iPhone,B,2
iPhone,B,2
iPhone,B,2
iPhone,B,2
iPhone,B,2
iPhone,B,2
iPhone,B,2
iPhone,B,2
iPhone,B,2
iPhone,B,2
iPhone,B,2
iPhone,B,2
iPhone,B,2
iPhone,B,2
iPhone,B,2
iPhone,B,2
iPhone,B,2
iPhone,B,2
iPhone,B,2
iPhone,B,2
iPhone,B,2
iPhone,B,2
iPhone,B,2
iPhone,B,2
iPhone,B,2
iPhone,B,2
iPhone,B,2
iPhone,B,2
iPhone,B,2
iPhone,B,2
iPhone,B,2
iPhone,B,2
iPhone,B,2
iPhone,B,2
iPhone,B,2
iPhone,B,2
iPhone,B,2
iPhone,B,2
iPhone,B,2
iPhone,B,2
iPhone,B,2
iPhone,B,2
iPhone,B,2
iPhone,B,2
iPhone,B,2
iPhone,B,2
iPhone,B,2
iPhone,B,2
iPhone,B,2
iPhone,B,2
iPhone,B,2
iPhone,B,2
iPhone,B,2
iPhone,B,2
iPhone,B,2
iPhone,B,2
iPhone,B,2
iPhone,B,2
iPhone,B,2
iPhone,B,2
iPhone,B,2
iPhone,B,2
iPhone,B,2
iPhone,B,2
iPhone,B,2
iPhone,B,2
iPhone,B,2
iPhone,B,2
iPhone,B,2
iPhone,B,2
iPhone,B,2
iPhone,B,2
iPhone,B,2
iPhone,B,2
iPhone,B,2
iPhone,B,2
iPhone,B,2
iPhone,B,2
iPhone,B,2
iPhone,B,2
iPhone,B,2
iPhone,B,2
iPhone,B,2
iPhone,B,2
iPhone,B,2
iPhone,B,2
iPhone,B,2
iPhone,B,2
iPhone,B,2
iPhone,B,2
iPhone,B,2
iPhone,B,2
iPhone,B,2
iPhone,B,2
iPhone,B,2
iPhone,B,2
iPhone,B,2
iPhone,B,2
iPhone,B,2
iPhone,B,2
iPhone,B,2
iPhone,B,2
iPhone,B,2
iPhone,B,2
iPhone,B,2
iPhone,B,2
iPhone,B,2
iPhone,B,2
iPhone,B,2
iPhone,B,2
iPhone,B,2
iPhone,B,2
iPhone,B,2
iPhone,B,2
iPhone,B,2
iPhone,B,2
iPhone,B,2
iPhone,B,2
iPhone,B,2
iPhone,B,2
iPhone,B,2
iPhone,B,2
iPhone,B,2
iPhone,B,2
iPhone,B,2
iPhone,B,2
iPhone,B,2
iPhone,B,2
iPhone,B,2
iPhone,B,2
iPhone,B,2
iPhone,B,2
iPhone,B,2
iPhone,B,2
iPhone,B,2
iPhone,B,2
iPhone,B,2
iPhone,B,2
iPhone,B,2
iPhone,B,2
iPhone,B,2
iPhone,B,2
iPhone,B,2
iPhone,B,2
iPhone,B,2
iPhone,B,2
iPhone,B,2
iPhone,B,2
iPhone,B,2
iPhone,B,2
iPhone,B,2
iPhone,B,2
iPhone,B,2
iPhone,B,2
iPhone,B,2
iPhone,B,2
iPhone,B,2
iPhone,B,2
iPhone,B,2
iPhone,B,2
iPhone,B,2
iPhone,B,2
iPhone,B,2
iPhone,B,2
iPhone,B,2
iPhone,B,2
iPhone,B,2
iPhone,B,2
iPhone,B,2
iPhone,B,2
iPhone,B,2
iPhone,B,2
iPhone,B,2
iPhone,B,2
iPhone,B,2
iPhone,B,2
iPhone,B,2
iPhone,B,2
iPhone,B,2
iPhone,B,2
iPhone,B,2
iPhone,B,2
iPhone,B,2
iPhone,B,2
iPhone,B,2
iPhone,B,2
iPhone,B,2
iPhone,B,2
iPhone,B,2
iPhone,B,2
iPhone,B,2
iPhone,B,2
iPhone,B,2
iPhone,B,2
iPhone,B,2
iPhone,B,2
iPhone,B,2
iPhone,B,2
iPhone,B,2
iPhone,B,2
iPhone,B,2
iPhone,B,2
iPhone,B,2
iPhone,B,2
iPhone,B,2
iPhone,B,2
iPhone,B,2
iPhone,B,2
iPhone,B,2
iPhone,B,2
iPhone,B,2
iPhone,B,2
iPhone,B,2
iPhone,B,2
iPhone,B,2
iPhone,B,2
iPhone,B,2
iPhone,B,2
iPhone,B,2
iPhone,B,2
iPhone,B,2
iPhone,B,2
iPhone,B,2
iPhone,B,2
iPhone,B,2
iPhone,B,2
iPhone,B,2
iPhone,B,2
iPhone,B,2
iPhone,B,2
iPhone,B,2
iPhone,B,2
iPhone,B,2
iPhone,B,2
iPhone,B,2
iPhone,B,2
iPhone,B,2
iPhone,B,2
iPhone,B,2
iPhone,B,2
iPhone,B,2
iPhone,B,2
iPhone,B,2
iPhone,B,2
iPhone,B,2
iPhone,B,2
iPhone,B,2
iPhone,B,2
iPhone,B,2
iPhone,B,2
iPhone,B,2
iPhone,B,2
iPhone,B,2
iPhone,B,2
iPhone,B,2
iPhone,B,2
iPhone,B,2
iPhone,B,2
iPhone,B,2
iPhone,B,2
iPhone,B,2
iPhone,B,2
iPhone,B,2
iPhone,B,2
iPhone,B,2
iPhone,B,2
iPhone,B,2
iPhone,B,2
iPhone,B,2
iPhone,B,2
iPhone,B,2
iPhone,B,2
iPhone,B,2
iPhone,B,2
iPhone,B,2
iPhone,B,2
iPhone,B,2
iPhone,B,2
iPhone,B,2
iPhone,B,2
iPhone,B,2
iPhone,B,2
iPhone,B,2
iPhone,B,2
iPhone,B,2
iPhone,B,2
iPhone,B,2
iPhone,B,2
iPhone,B,2
iPhone,B,2
iPhone,B,2
iPhone,B,2
iPhone,B,2
iPhone,B,2
iPhone,B,2
iPhone,B,2
iPhone,B,2
iPhone,B,2
iPhone,B,2
iPhone,B,2
iPhone,B,2
iPhone,B,2
iPhone,B,2
iPhone,B,2
iPhone,B,2
iPhone,B,2
iPhone,B,2
iPhone,B,2
iPhone,B,2
iPhone,B,2
iPhone,B,2
iPhone,B,2
iPhone,B,2
iPhone,B,2
iPhone,B,2
iPhone,B,2
iPhone,B,2
iPhone,B,2
iPhone,B,2
iPhone,B,2
iPhone,B,2
iPhone,B,2
iPhone,B,2
iPhone,B,2
iPhone,B,2
iPhone,B,2
iPhone,B,2
iPhone,B,2
iPhone,B,2
iPhone,B,2
iPhone,B,2
iPhone,B,2
iPhone,B,2
iPhone,B,2
iPhone,B,2
iPhone,B,2
iPhone,B,2
iPhone,B,2
iPhone,B,2
iPhone,B,2
iPhone,B,2
iPhone,B,2
iPhone,B,2
iPhone,B,2
iPhone,B,2
iPhone,B,2
iPhone,B,2
iPhone,B,2
iPhone,B,2
iPhone,B,2
iPhone,B,2
iPhone,B,2
iPhone,B,2
iPhone,B,2
iPhone,B,2
iPhone,B,2
iPhone,B,2
iPhone,B,2
iPhone,B,2
iPhone,B,2
iPhone,B,2
iPhone,B,2
iPhone,B,2
iPhone,B,2
iPhone,B,2
iPhone,B,2
iPhone,B,2
iPhone,B,2
iPhone,B,2
iPhone,B,2
iPhone,B,2
iPhone,B,2
iPhone,B,2
iPhone,B,2
iPhone,B,2
iPhone,B,2
iPhone,B,2
iPhone,B,2
iPhone,B,2
iPhone,B,2
iPhone,B,2
iPhone,B,2
iPhone,B,2
iPhone,B,2
iPhone,B,2
iPhone,B,2
iPhone,B,2
iPhone,B,2
iPhone,B,2
iPhone,B,2
iPhone,B,2
iPhone,B,2
iPhone,B,2
iPhone,B,2
iPhone,B,2
iPhone,B,2
iPhone,B,2
iPhone,B,2
iPhone,B,2
iPhone,B,2
iPhone,B,2
iPhone,B,2
iPhone,B,2
iPhone,B,2
iPhone,B,2
iPhone,B,2
iPhone,B,2
iPhone,B,2
iPhone,B,3
iPhone,B,3
iPhone,B,3
iPhone,B,3
iPhone,B,3
iPhone,B,3
iPhone,B,3
iPhone,B,3
iPhone,B,3
iPhone,B,3
iPhone,B,3
iPhone,B,3
iPhone,B,3
iPhone,B,3
iPhone,B,3
iPhone,B,3
iPhone,B,3
iPhone,B,3
iPhone,B,3
iPhone,B,3
iPhone,B,3
iPhone,B,3
iPhone,B,3
iPhone,B,3
iPhone,B,3
iPhone,B,3
iPhone,B,3
iPhone,B,3
iPhone,B,3
iPhone,B,3
iPhone,B,3
iPhone,B,3
iPhone,B,3
iPhone,B,3
iPhone,B,3
iPhone,B,3
iPhone,B,3
iPhone,B,3
iPhone,B,3
iPhone,B,3
iPhone,B,3
iPhone,B,3
iPhone,B,3
iPhone,B,3
iPhone,B,3
iPhone,B,3
iPhone,B,3
iPhone,B,3
iPhone,B,3
iPhone,B,3
iPhone,B,3
iPhone,B,3
iPhone,B,3
iPhone,B,3
iPhone,B,3
iPhone,B,3
iPhone,B,3
iPhone,B,3
iPhone,B,3
iPhone,B,3
iPhone,B,3
iPhone,B,3
iPhone,B,3
iPhone,B,3
iPhone,B,3
iPhone,B,3
iPhone,B,3
iPhone,B,3
iPhone,B,3
iPhone,B,3
iPhone,B,3
iPhone,B,3
iPhone,B,3
iPhone,B,3
iPhone,B,3
iPhone,B,3
iPhone,B,3
iPhone,B,3
iPhone,B,3
iPhone,B,3
iPhone,B,3
iPhone,B,3
iPhone,B,3
iPhone,B,3
iPhone,B,3
iPhone,B,3
iPhone,B,3
iPhone,B,3
iPhone,B,3
iPhone,B,3
iPhone,B,3
iPhone,B,3
iPhone,B,3
iPhone,B,3
iPhone,B,3
iPhone,B,3
iPhone,B,3
iPhone,B,3
iPhone,B,3
iPhone,B,3
iPhone,B,3
iPhone,B,3
iPhone,B,3
iPhone,B,3
iPhone,B,3
iPhone,B,3
iPhone,B,3
iPhone,B,4
iPhone,B,4
iPhone,B,4
iPhone,B,4
iPhone,B,4
iPhone,B,4
iPhone,B,4
iPhone,B,4
iPhone,B,4
iPhone,B,4
iPhone,B,4
iPhone,B,4
iPhone,B,4
iPhone,B,4
iPhone,B,4
iPhone,B,4
iPhone,B,4
iPhone,B,4
iPhone,B,4
iPhone,B,4
iPhone,B,4
iPhone,B,4
iPhone,B,4
iPhone,B,4
iPhone,B,4
iPhone,B,4
iPhone,B,4
iPhone,B,4
iPhone,B,4
iPhone,B,4
iPhone,B,4
iPhone,B,4
iPhone,B,4
iPhone,B,4
iPhone,B,4
iPhone,B,4
iPhone,B,4
iPhone,B,4
iPhone,B,4
iPhone,B,4
iPhone,B,4
iPhone,B,4
iPhone,B,4
iPhone,B,4
iPhone,B,4
iPhone,B,4
iPhone,B,4
iPhone,B,4
iPhone,B,4
iPhone,B,4
iPhone,B,4
iPhone,B,4
iPhone,B,4
iPhone,B,4
iPhone,B,4
iPhone,B,4
iPhone,B,4
iPhone,B,4
iPhone,B,4
iPhone,B,4
iPhone,B,4
iPhone,B,4
iPhone,B,4
iPhone,B,4
iPhone,B,4
iPhone,B,4
iPhone,B,4
iPhone,B,4
iPhone,B,4
iPhone,B,4
iPhone,B,4
iPhone,B,4
iPhone,B,4
iPhone,B,4
iPhone,B,4
iPhone,B,4
iPhone,B,4
iPhone,B,4
iPhone,B,4
iPhone,B,4
iPhone,B,4
iPhone,B,4
iPhone,B,4
iPhone,B,4
iPhone,B,4
iPhone,B,4
iPhone,B,4
iPhone,B,4
iPhone,B,4
iPhone,B,4
iPhone,B,4
iPhone,B,4
iPhone,B,4
iPhone,B,4
iPhone,B,4
iPhone,B,4
iPhone,B,4
iPhone,B,4
iPhone,B,4
iPhone,B,4
iPhone,B,4
iPhone,B,4
iPhone,B,4
iPhone,B,4
iPhone,B,4
iPhone,B,4
iPhone,B,4
iPhone,B,4
iPhone,B,4
iPhone,B,4
iPhone,B,4
iPhone,B,4
iPhone,B,4
iPhone,B,4
iPhone,B,4
iPhone,B,4
iPhone,B,4
iPhone,B,4
iPhone,B,4
iPhone,B,4
iPhone,B,4
iPhone,B,4
iPhone,B,4
iPhone,B,4
iPhone,B,4
iPhone,B,4
iPhone,B,4
iPhone,B,4
iPhone,B,4
iPhone,B,4
iPhone,B,4
iPhone,B,4
iPhone,B,4
iPhone,B,4
iPhone,B,4
iPhone,B,4
iPhone,B,4
iPhone,B,4
iPhone,B,4
iPhone,B,4
iPhone,B,4
iPhone,B,4
iPhone,B,4
iPhone,B,4
iPhone,B,4
iPhone,B,4
iPhone,B,4
iPhone,B,4
iPhone,B,4
iPhone,B,4
iPhone,B,4
iPhone,B,4
iPhone,B,4
iPhone,B,4
iPhone,B,4
iPhone,B,4
iPhone,B,4
iPhone,B,4
iPhone,B,4
iPhone,B,4
iPhone,B,4
iPhone,B,4
iPhone,B,4
iPhone,B,4
iPhone,B,4
iPhone,B,4
iPhone,B,4
iPhone,B,4
iPhone,B,4
iPhone,B,4
iPhone,B,4
iPhone,B,4
iPhone,B,4
iPhone,B,4
iPhone,B,4
iPhone,B,4
iPhone,B,4
iPhone,B,4
iPhone,B,4
iPhone,B,4
iPhone,B,4
iPhone,B,4
iPhone,B,4
iPhone,B,4
iPhone,B,4
iPhone,B,4
iPhone,B,4
iPhone,B,4
iPhone,B,4
iPhone,B,4
iPhone,B,4
iPhone,B,4
iPhone,B,4
iPhone,B,4
iPhone,B,4
iPhone,B,4
iPhone,B,4
iPhone,B,4
iPhone,B,4
iPhone,B,4
iPhone,B,4
iPhone,B,4
iPhone,B,4
iPhone,B,4
iPhone,B,4
iPhone,B,4
iPhone,B,4
iPhone,B,4
iPhone,B,4
iPhone,B,4
iPhone,B,4
iPhone,B,4
iPhone,B,4
iPhone,B,4
iPhone,B,4
iPhone,B,4
iPhone,B,4
iPhone,B,4
iPhone,B,4
iPhone,B,4
iPhone,B,4
iPhone,B,4
iPhone,B,4
iPhone,B,4
iPhone,B,4
iPhone,B,4
iPhone,B,4
iPhone,B,4
iPhone,B,4
iPhone,B,4
iPhone,B,4
iPhone,B,4
iPhone,B,4
iPhone,B,4
iPhone,B,4
iPhone,B,4
iPhone,B,4
iPhone,B,4
iPhone,B,4
iPhone,B,4
iPhone,B,4
iPhone,B,4
iPhone,B,4
iPhone,B,4
iPhone,B,4
iPhone,B,4
iPhone,B,4
iPhone,B,4
iPhone,B,4
iPhone,B,4
iPhone,B,4
iPhone,B,4
iPhone,B,4
iPhone,B,4
iPhone,B,4
iPhone,B,4
iPhone,B,4
iPhone,B,4
iPhone,B,4
iPhone,B,4
iPhone,B,4
iPhone,B,4
iPhone,B,4
iPhone,B,4
iPhone,B,4
iPhone,B,4
iPhone,B,4
iPhone,B,4
iPhone,B,4
iPhone,B,4
iPhone,B,4
iPhone,B,4
iPhone,B,4
iPhone,B,4
iPhone,B,4
iPhone,B,4
iPhone,B,4
iPhone,B,4
iPhone,B,4
iPhone,B,4
iPhone,B,4
iPhone,B,4
iPhone,B,4
iPhone,B,4
iPhone,B,4
iPhone,B,4
iPhone,B,4
iPhone,B,4
iPhone,B,4
iPhone,B,4
iPhone,B,4
iPhone,B,4
iPhone,B,4
iPhone,B,4
iPhone,B,4
iPhone,B,4
iPhone,B,4
iPhone,B,4
iPhone,B,4
iPhone,B,4
iPhone,B,4
iPhone,B,4
iPhone,B,4
iPhone,B,4
iPhone,B,4
iPhone,B,4
iPhone,B,4
iPhone,B,4
iPhone,B,4
iPhone,B,4
iPhone,B,4
iPhone,B,4
iPhone,B,4
iPhone,B,4
iPhone,B,4
iPhone,B,4
iPhone,B,4
iPhone,B,4
iPhone,B,4
iPhone,B,4
iPhone,B,4
iPhone,B,4
iPhone,B,4
iPhone,B,4
iPhone,B,4
iPhone,B,4
iPhone,B,4
iPhone,B,4
iPhone,B,4
iPhone,B,4
iPhone,B,4
iPhone,B,4
iPhone,B,4
